"","PA2","PA1","PA3","PA4","PA6","PA5"
"have_you_recently_experienced_stress_in_your_life",0,0.02,0.62,0.08,0.19,-0.03
"have_you_noticed_a_rapid_heartbeat_or_palpitations",0.07,0.03,0.66,0.06,0.03,0.1
"have_you_been_dealing_with_anxiety_or_tension_recently",0.01,0.06,0.34,0.29,0.08,0.02
"do_you_face_any_sleep_problems_or_difficulties_falling_asleep",-0.03,0.08,0.15,0.57,0,0.04
"have_you_been_dealing_with_anxiety_or_tension_recently_1",0.01,0.21,0.05,0.63,0.04,0.04
"have_you_been_getting_headaches_more_often_than_usual",0,0.44,-0.01,0.34,0.01,0.01
"do_you_get_irritated_easily",0.02,0.55,-0.02,0.08,0.01,0.03
"do_you_have_trouble_concentrating_on_your_academic_tasks",-0.03,0.6,0,0.05,0.04,0.1
"have_you_been_feeling_sadness_or_low_mood",0.1,0.55,0.08,0,-0.03,0
"have_you_been_experiencing_any_illness_or_health_issues",0.21,0.37,0.07,0.15,0.04,-0.06
"do_you_often_feel_lonely_or_isolated",0.41,0.26,0.04,0.06,-0.01,-0.12
"do_you_feel_overwhelmed_with_your_academic_workload",0.47,0.17,0.05,-0.08,-0.03,0
"are_you_in_competition_with_your_peers_and_does_it_affect_you",0.5,0.21,0.13,-0.11,0.03,0.06
"do_you_find_that_your_relationship_often_causes_you_stress",0.37,0.1,0.02,-0.08,0.01,0.1
"are_you_facing_any_difficulties_with_your_professors_or_instructors",0.52,-0.11,-0.04,0,0.05,0.11
"is_your_working_environment_unpleasant_or_stressful",0.56,-0.14,-0.08,0.13,0.1,0.12
"do_you_struggle_to_find_time_for_relaxation_and_leisure_activities",0.41,-0.08,-0.05,0.18,0.12,0.18
"is_your_hostel_or_home_environment_causing_you_difficulties",0.24,-0.01,-0.02,0.09,0.1,0.42
"do_you_lack_confidence_in_your_academic_performance",0.09,0.08,0.1,0.02,0.09,0.67
"do_you_lack_confidence_in_your_choice_of_academic_subjects",0.17,0.08,0.07,-0.05,0.41,0.31
"academic_and_extracurricular_activities_conflicting_for_you",-0.01,0.06,0.1,0,0.65,0
"do_you_attend_classes_regularly",0.08,-0.04,0.01,0.04,0.3,0.05
"have_you_gained_lost_weight",-0.06,0.02,0.22,0.05,0.29,0.05
